layer,gate_off,gate_bytes,up_off,up_bytes,down_off,down_bytes
0,247234368,589824,400920384,589824,26173248,860160
1,792662592,589824,946348608,589824,571601472,860160
2,1338090816,589824,1491776832,589824,1117029696,860160
3,1884971072,589824,2038657088,589824,1663909952,860160
4,2425475136,589824,2579161152,589824,2204414016,860160
5,2970903360,589824,3124589376,589824,2749842240,860160
6,3516331584,589824,3670017600,589824,3295270464,860160
7,4063211840,589824,4216897856,589824,3842150720,860160
8,4603715904,589824,4757401920,589824,4382654784,860160
9,5149144128,589824,5302830144,589824,4928083008,860160
10,5694572352,589824,5848258368,589824,5473511232,860160
11,6241452608,589824,6395138624,589824,6020391488,860160
12,6781956672,589824,6935642688,589824,6560895552,860160
13,7327384896,589824,7481070912,589824,7106323776,860160
14,7872813120,589824,8026499136,589824,7651752000,860160
15,8419693376,589824,8573379392,589824,8198632256,860160
16,8960197440,589824,9113883456,589824,8739136320,860160
17,9505625664,589824,9659311680,589824,9284564544,860160
18,10051053888,589824,10204739904,589824,9829992768,860160
19,10597934144,589824,10751620160,589824,10376873024,860160
20,11138438208,589824,11292124224,589824,10917377088,860160
21,11683866432,589824,11837552448,589824,11462805312,860160
22,12229294656,589824,12382980672,589824,12008233536,860160
23,12776174912,589824,12929860928,589824,12555113792,860160
24,13316678976,589824,13470364992,589824,13095617856,860160
25,13862107200,589824,14015793216,589824,13641046080,860160
26,14407535424,589824,14561221440,589824,14186474304,860160
27,14954415680,589824,15108101696,589824,14733354560,860160
28,15494919744,589824,15648605760,589824,15273858624,860160
29,16040347968,589824,16194033984,589824,15819286848,860160
30,16585776192,589824,16739462208,589824,16364715072,860160
31,17132656448,589824,17286342464,589824,16911595328,860160
32,17673160512,589824,17826846528,589824,17452099392,860160
33,18218588736,589824,18372274752,589824,17997527616,860160
34,18764016960,589824,18917702976,589824,18542955840,860160
35,19310897216,589824,19464583232,589824,19089836096,860160
36,19851401280,589824,20005087296,589824,19630340160,860160
37,20396829504,589824,20550515520,589824,20175768384,860160
38,20942257728,589824,21095943744,589824,20721196608,860160
39,21489137984,589824,21642824000,589824,21268076864,860160
